{"emitters":[{"shape":{"type":"point","x":480,"y":270},"emissionRate":20,"particlesPerEmission":{"value":5,"variability":2},"particleParams":{"radius":{"value":24,"variability":12},"direction":{"value":270,"variability":40},"rotation":{"value":0,"variability":360},"speed":{"value":300,"variability":100},"lifespan":{"value":1,"variability":0.5},"color":"#ff943d","lifetimeSettings":{"opacityCurve":[1,0.9688411355018616,0.9362202286720276,0.902343213558197,0.867416262626648,0.8316453099250793,0.7952364087104797,0.7583956122398376,0.7213289737701416,0.6842425465583801,0.6473423838615417,0.6108344197273254,0.5749248266220093,0.539819598197937,0.5057247281074524,0.4728463292121887,0.44139039516448975,0.411562979221344,0.38357013463974,0.35761788487434387,0.33391228318214417,0.312659353017807,0.2940651476383209,0.27833572030067444,0.2656770944595337,0.2555270195007324,0.24584773182868958,0.23650893568992615,0.22750353813171387,0.21882446110248566,0.21046462655067444,0.20241695642471313,0.19467438757419586,0.18722981214523315,0.18007616698741913,0.1732063591480255,0.16661334037780762,0.16029000282287598,0.1542292684316635,0.14842407405376434,0.1428673267364502,0.13755196332931519,0.13247089087963104,0.1276170313358307,0.12298329919576645,0.11856263130903244,0.11434794217348099,0.11033214628696442,0.10650817304849625,0.1028689369559288,0.0994073674082756,0.09611637145280838,0.09298887848854065,0.09001781791448593,0.08719608932733536,0.08451662957668304,0.08197235316038132,0.0795561894774437,0.0772610455751419,0.07507985085248947,0.07300552725791931,0.07103098928928375,0.06914916634559631,0.06735297292470932,0.0656353309750557,0.06398915499448776,0.06240737810730934,0.06088291481137276,0.05940868705511093,0.05797761306166649,0.05658261850476265,0.05521661788225174,0.05387254059314728,0.05254329741001129,0.051221814006567,0.04990101233124733,0.0485738106071949,0.047233134508132935,0.04587189853191376,0.04448302835226059,0.04305943846702576,0.04159405827522278,0.04007980227470398,0.03850959241390228,0.03687635064125061,0.035172998905181885,0.03339245542883873,0.03152764216065407,0.029571479186415672,0.027516888454556465,0.02535679005086422,0.02308410406112671,0.020691754296422005,0.01817265711724758,0.01551973819732666,0.012725913897156715,0.009784107096493244,0.0066872392781078815,0.0034282298292964697,0],"opacityCurvePoints":[{"x":0,"y":1,"id":0},{"x":0.24533715925394547,"y":0.26262626262626265,"id":1765078969992},{"x":1,"y":0,"id":1}],"speedCurve":[1,0.9898989796638489,0.9797979593276978,0.9696969985961914,0.9595959782600403,0.9494949579238892,0.939393937587738,0.9292929172515869,0.9191918969154358,0.9090909361839294,0.8989899158477783,0.8888888955116272,0.8787878751754761,0.868686854839325,0.8585858345031738,0.8484848737716675,0.8383838534355164,0.8282828330993652,0.8181818127632141,0.808080792427063,0.7979797720909119,0.7878788113594055,0.7777777910232544,0.7676767706871033,0.7575757503509521,0.747474730014801,0.7373737096786499,0.7272727489471436,0.7171717286109924,0.7070707082748413,0.6969696879386902,0.6868686676025391,0.6767676472663879,0.6666666865348816,0.6565656661987305,0.6464646458625793,0.6363636255264282,0.6262626051902771,0.6161616444587708,0.6060606241226196,0.5959596037864685,0.5858585834503174,0.5757575631141663,0.5656565427780151,0.5555555820465088,0.5454545617103577,0.5353535413742065,0.5252525210380554,0.5151515007019043,0.5050504803657532,0.49494948983192444,0.4848484992980957,0.4747474789619446,0.46464645862579346,0.4545454680919647,0.4444444477558136,0.4343434274196625,0.42424243688583374,0.4141414165496826,0.4040403962135315,0.39393940567970276,0.38383838534355164,0.3737373650074005,0.3636363744735718,0.35353535413742065,0.34343433380126953,0.3333333432674408,0.3232323229312897,0.31313130259513855,0.3030303120613098,0.2929292917251587,0.28282827138900757,0.27272728085517883,0.2626262605190277,0.2525252401828766,0.24242424964904785,0.23232322931289673,0.2222222238779068,0.21212121844291687,0.20202019810676575,0.19191919267177582,0.1818181872367859,0.17171716690063477,0.16161616146564484,0.1515151560306549,0.14141413569450378,0.13131313025951385,0.12121212482452393,0.1111111119389534,0.10101009905338287,0.09090909361839294,0.08080808073282242,0.07070706784725189,0.06060606241226196,0.05050504952669144,0.04040404036641121,0.03030303120613098,0.020202020183205605,0.010101010091602802,0],"speedCurvePoints":[{"x":0,"y":1,"id":0},{"x":1,"y":0,"id":1}],"radiusCurve":[1,1,1,1,1,1,1,1,1,1,1,1,1,1,1,1,1,1,1,1,1,1,1,1,1,1,1,1,1,1,1,1,1,1,1,1,1,1,1,1,1,1,1,1,1,1,1,1,1,1,1,1,1,1,1,1,1,1,1,1,1,1,1,1,1,1,1,1,1,1,1,1,1,1,1,1,1,1,1,1,1,1,1,1,1,1,1,1,1,1,1,1,1,1,1,1,1,1,1,1],"radiusCurvePoints":[{"x":0,"y":1,"id":0},{"x":1,"y":1,"id":1}]},"texture":"smoke","blendMode":"lighter"}}],"videoSettings":{"width":960,"height":540,"fps":30,"duration":10}}