{"emitters":[{"shape":{"type":"point","x":480,"y":270},"emissionRate":1,"particlesPerEmission":{"value":120,"variability":20},"particleParams":{"radius":{"value":24,"variability":12},"direction":{"value":0,"variability":360},"rotation":{"value":0,"variability":360},"speed":{"value":300,"variability":100},"lifespan":{"value":0.8,"variability":0.5},"color":"#5cabff","lifetimeSettings":{"opacityCurve":[1,0.995959997177124,0.9934975504875183,0.9922577738761902,0.991885781288147,0.9920265674591064,0.9923251867294312,0.9924267530441284,0.9919763207435608,0.9906189441680908,0.987999677658081,0.983763575553894,0.9775557518005371,0.969021201133728,0.9578050971031189,0.9435523748397827,0.9259081482887268,0.9043883681297302,0.8786121606826782,0.8490303754806519,0.8161424398422241,0.7804478406906128,0.7424458861351013,0.7026360630989075,0.6615177392959595,0.6195903420448303,0.577353298664093,0.5353059768676758,0.4939478039741516,0.4537782073020935,0.4152965843677521,0.3790023624897003,0.34539493918418884,0.31497374176979065,0.28823813796043396,0.26568758487701416,0.24782145023345947,0.23502323031425476,0.22423502802848816,0.21390269696712494,0.20401491224765778,0.19456037878990173,0.1855277568101883,0.17690572142601013,0.16868294775485992,0.16084812581539154,0.15338993072509766,0.14629702270030975,0.1395580917596817,0.13316182792186737,0.12709687650203705,0.1213519498705864,0.1159157007932663,0.11077681183815002,0.10592397302389145,0.10134584456682205,0.0970311090350151,0.09296844899654388,0.08914653211832047,0.08555404841899872,0.08217966556549072,0.07901206612586975,0.07603992521762848,0.07325192540884018,0.07063672691583633,0.06818302720785141,0.06587949395179749,0.06371480226516724,0.061677638441324234,0.059756673872470856,0.05794058367609978,0.05621804669499397,0.054577745497226715,0.05300835147500038,0.05149853974580765,0.050036996603012085,0.04861239343881607,0.04721340909600258,0.045828718692064285,0.044447001069784164,0.04305693134665489,0.04164719209074974,0.040206458419561386,0.038723405450582504,0.03718671202659607,0.035585056990385056,0.03390711173415184,0.032141558825969696,0.030277077108621597,0.02830233983695507,0.02620602585375309,0.02397681213915348,0.021603377535939217,0.019074397161602974,0.016378547996282578,0.013504509814083576,0.01044095866382122,0.007176571525633335,0.00370002631098032,0],"opacityCurvePoints":[{"x":0,"y":1,"id":0},{"x":0.1649928263988522,"y":0.9191919191919192,"id":1765078997224},{"x":0.3715925394548063,"y":0.23737373737373735,"id":1765078969992},{"x":1,"y":0,"id":1}],"speedCurve":[0.27272728085517883,0.3272764980792999,0.38722580671310425,0.45111069083213806,0.5174666047096252,0.5848290324211121,0.6517333388328552,0.7167150974273682,0.7783096432685852,0.8350525498390198,0.8854791522026062,0.9281250238418579,0.961525559425354,0.9842161536216736,0.9947323799133301,0.996644139289856,0.9958727955818176,0.9925805330276489,0.9869086146354675,0.9789984822273254,0.9689915180206299,0.9570291042327881,0.9432525634765625,0.9278032779693604,0.9108226299285889,0.8924520015716553,0.8728327751159668,0.8521063327789307,0.8304139971733093,0.80789715051651,0.7846972346305847,0.7609555721282959,0.736813485622406,0.712412416934967,0.6878937482833862,0.663398802280426,0.6390690207481384,0.6150456666946411,0.5914702415466309,0.5684840083122253,0.5462284088134766,0.5248448252677917,0.5044745206832886,0.4852590262889862,0.4673396050930023,0.45085766911506653,0.43595457077026367,0.42277172207832336,0.4110419750213623,0.3996572196483612,0.3885376453399658,0.37767520546913147,0.3670617938041687,0.3566892743110657,0.3465496003627777,0.33663466572761536,0.32693636417388916,0.31744658946990967,0.3081572949886322,0.2990603446960449,0.29014769196510315,0.28141117095947266,0.27284273505210876,0.2644343078136444,0.25617775321006775,0.24806499481201172,0.24008792638778687,0.23223848640918732,0.22450855374336243,0.21689003705978394,0.20937485992908478,0.2019549012184143,0.19462209939956665,0.18736833333969116,0.18018551170825958,0.17306555807590485,0.1660003662109375,0.15898184478282928,0.15200190246105194,0.14505243301391602,0.13812536001205444,0.13121259212493896,0.12430600821971893,0.11739753186702728,0.11047907918691635,0.10354253649711609,0.09657982736825943,0.08958284556865692,0.0825434997677803,0.07545370608568192,0.0683053582906723,0.061090365052223206,0.053800635039806366,0.046428073197603226,0.038964588195085526,0.03140208497643471,0.023732466623187065,0.01594764180481434,0.008039518259465694,0],"speedCurvePoints":[{"x":0,"y":0.2727272727272727,"id":0},{"x":0.14203730272596843,"y":0.9949494949494949,"id":1765079018782},{"x":0.47776183644189385,"y":0.4191919191919192,"id":1765079024671},{"x":1,"y":0,"id":1}],"radiusCurve":[1,1,1,1,1,1,1,1,1,1,1,1,1,1,1,1,1,1,1,1,1,1,1,1,1,1,1,1,1,1,1,1,1,1,1,1,1,1,1,1,1,1,1,1,1,1,1,1,1,1,1,1,1,1,1,1,1,1,1,1,1,1,1,1,1,1,1,1,1,1,1,1,1,1,1,1,1,1,1,1,1,1,1,1,1,1,1,1,1,1,1,1,1,1,1,1,1,1,1,1],"radiusCurvePoints":[{"x":0,"y":1,"id":0},{"x":1,"y":1,"id":1}]},"texture":"energy","blendMode":"lighter"}}],"videoSettings":{"width":960,"height":540,"fps":30,"duration":10}}