{"emitters":[{"shape":{"type":"point","x":480,"y":270},"emissionRate":20,"particlesPerEmission":{"value":5,"variability":5},"particleParams":{"radius":{"value":25,"variability":12},"direction":{"value":0,"variability":45},"rotation":{"value":0,"variability":360},"speed":{"value":200,"variability":80},"lifespan":{"value":1.5,"variability":0.5},"color":"#ffffff","lifetimeSettings":{"opacityCurve":[1,0.9724940657615662,0.9438762068748474,0.9142863154411316,0.8838642835617065,0.8527500629425049,0.8210834860801697,0.7890044450759888,0.75665283203125,0.7241685390472412,0.691691517829895,0.6593616008758545,0.6273186802864075,0.5957027077674866,0.5646534562110901,0.5343109369277954,0.5048149824142456,0.4763055145740509,0.44892239570617676,0.422805517911911,0.3980948030948639,0.37493011355400085,0.35345137119293213,0.33379843831062317,0.3161112070083618,0.3005295991897583,0.28719350695610046,0.2762167751789093,0.2663409113883972,0.2568032443523407,0.2475966066122055,0.23871378600597382,0.230147585272789,0.22189079225063324,0.2139361947774887,0.20627661049365997,0.1989048272371292,0.1918136179447174,0.18499581515789032,0.17844419181346893,0.17215153574943542,0.16611067950725555,0.1603143811225891,0.15475544333457947,0.14942666888237,0.14432086050510406,0.13943080604076385,0.13474930822849274,0.1302691549062729,0.1259831339120865,0.1218840554356575,0.1179647147655487,0.11421789973974228,0.110636405646801,0.10721303522586823,0.10394058376550674,0.10081184655427933,0.09781961143016815,0.09495668858289719,0.09221585839986801,0.089589923620224,0.08707167953252792,0.08465392887592316,0.08232945948839188,0.08009106665849686,0.07793154567480087,0.0758436992764473,0.0738203153014183,0.07185419648885727,0.06993813067674637,0.06806492060422897,0.06622736155986786,0.0644182413816452,0.06263037025928497,0.06085652858018875,0.05908951908349991,0.05732214078307152,0.055547185242176056,0.0537574477493763,0.051945727318525314,0.05010481923818588,0.04822751507163048,0.04630661383271217,0.044334910809993744,0.04230520501732826,0.040210284292697906,0.03804295137524605,0.03579600155353546,0.03346222639083862,0.031034426763653755,0.028505394235253334,0.025867925956845284,0.023114819079637527,0.02023886702954769,0.01723286882042885,0.014089616015553474,0.010801907628774643,0.007362538017332554,0.0037643036339432,0],"opacityCurvePoints":[{"x":0,"y":1,"id":0},{"x":0.27116212338593976,"y":0.2777777777777778,"id":1765078831155},{"x":1,"y":0,"id":1}],"speedCurve":[1,0.9898989796638489,0.9797979593276978,0.9696969985961914,0.9595959782600403,0.9494949579238892,0.939393937587738,0.9292929172515869,0.9191918969154358,0.9090909361839294,0.8989899158477783,0.8888888955116272,0.8787878751754761,0.868686854839325,0.8585858345031738,0.8484848737716675,0.8383838534355164,0.8282828330993652,0.8181818127632141,0.808080792427063,0.7979797720909119,0.7878788113594055,0.7777777910232544,0.7676767706871033,0.7575757503509521,0.747474730014801,0.7373737096786499,0.7272727489471436,0.7171717286109924,0.7070707082748413,0.6969696879386902,0.6868686676025391,0.6767676472663879,0.6666666865348816,0.6565656661987305,0.6464646458625793,0.6363636255264282,0.6262626051902771,0.6161616444587708,0.6060606241226196,0.5959596037864685,0.5858585834503174,0.5757575631141663,0.5656565427780151,0.5555555820465088,0.5454545617103577,0.5353535413742065,0.5252525210380554,0.5151515007019043,0.5050504803657532,0.49494948983192444,0.4848484992980957,0.4747474789619446,0.46464645862579346,0.4545454680919647,0.4444444477558136,0.4343434274196625,0.42424243688583374,0.4141414165496826,0.4040403962135315,0.39393940567970276,0.38383838534355164,0.3737373650074005,0.3636363744735718,0.35353535413742065,0.34343433380126953,0.3333333432674408,0.3232323229312897,0.31313130259513855,0.3030303120613098,0.2929292917251587,0.28282827138900757,0.27272728085517883,0.2626262605190277,0.2525252401828766,0.24242424964904785,0.23232322931289673,0.2222222238779068,0.21212121844291687,0.20202019810676575,0.19191919267177582,0.1818181872367859,0.17171716690063477,0.16161616146564484,0.1515151560306549,0.14141413569450378,0.13131313025951385,0.12121212482452393,0.1111111119389534,0.10101009905338287,0.09090909361839294,0.08080808073282242,0.07070706784725189,0.06060606241226196,0.05050504952669144,0.04040404036641121,0.03030303120613098,0.020202020183205605,0.010101010091602802,0],"speedCurvePoints":[{"x":0,"y":1,"id":0},{"x":1,"y":0,"id":1}],"radiusCurve":[1,1,1,1,1,1,1,1,1,1,1,1,1,1,1,1,1,1,1,1,1,1,1,1,1,1,1,1,1,1,1,1,1,1,1,1,1,1,1,1,1,1,1,1,1,1,1,1,1,1,1,1,1,1,1,1,1,1,1,1,1,1,1,1,1,1,1,1,1,1,1,1,1,1,1,1,1,1,1,1,1,1,1,1,1,1,1,1,1,1,1,1,1,1,1,1,1,1,1,1],"radiusCurvePoints":[{"x":0,"y":1,"id":0},{"x":1,"y":1,"id":1}]},"texture":"smoke","blendMode":"source-over"}}],"videoSettings":{"width":960,"height":540,"fps":30,"duration":10}}